Itr,AverageEvalReward,StdEvalReward,MinEvalReward,MaxEvalReward,AverageTrainReward,StdTrainReward,MinTrainReward,MaxTrainReward,EvalEpLen,TrainEpLen,TotalEnvInteracts,Time,Training loss,Entropy,KL Divergence,Search Direction,Step Size,BackTrack Itr,Improve,Baseline loss
0,-213.6307,79.942856,-298.7307,-87.700516,-87.87409,65.689995,-249.9921,48.71353,96.4,65.09677419354838,2018,0.02945269743601481,-0.006644965,1.3670801,0.0059213517,2.7766702e-05,0.71217805,0,0.02720882,0.741683
1,-477.07462,102.470825,-599.49365,-348.82288,-79.42091,34.643913,-153.5609,47.81613,103.8,66.3225806451613,4074,0.039519031842549644,0.027434511,1.3032223,0.0056738076,-1.4332313e-05,0.79322743,0,0.024731163,0.86988586
2,-471.4002,98.68145,-539.1376,-278.14325,-75.84794,53.677567,-264.53412,-16.57499,83.0,75.03703703703704,6100,0.04845314423243205,-0.020182759,1.2501982,0.004499067,1.687378e-05,0.5685318,0,0.034450877,0.66222274
3,-417.565,290.9018,-673.37823,-54.6735,-87.51197,61.471546,-237.68588,-29.656357,87.8,77.92592592592592,8204,0.05775319337844849,-0.006830089,1.1717814,0.0049461443,-5.173303e-05,0.8193472,0,0.022786267,0.6207521
4,-255.71762,203.01738,-480.85568,-12.110718,-94.03435,109.119896,-285.39606,25.988731,89.2,88.08695652173913,10230,0.06777396202087402,0.023522982,1.1219476,0.0028495472,9.7602344e-05,0.4232881,0,0.059271537,0.72585034
5,-131.80386,128.48656,-351.66443,4.980934,-51.68978,92.02808,-320.65125,44.265076,91.4,90.1304347826087,12303,0.07771248817443847,-0.040446494,1.0851862,0.0068089734,8.372534e-05,0.7183422,0,0.028304074,0.7050136
6,-124.034,135.67296,-370.50162,6.9702835,1.7747976,41.86029,-43.032986,124.81909,122.8,185.0,14338,0.10064798593521118,-0.09217083,1.1989198,0.007010748,8.9015586e-05,0.6897824,0,0.02910383,0.83751905
7,-49.34214,134.77228,-293.4052,112.684555,-31.101328,29.606192,-102.7713,23.617577,305.6,97.66666666666667,16389,0.13009703954060872,0.0045961784,1.1305745,0.005288519,2.2788158e-06,0.62295413,0,0.02984419,0.4039643
8,-151.36447,140.96567,-400.16312,6.9286003,-15.921262,20.655275,-45.33156,27.5037,132.2,95.95238095238095,18404,0.1421529213587443,-0.10044706,0.9543278,0.005729736,-3.1243948e-05,1.0990218,0,0.015769407,0.22977969
9,-199.1229,123.59962,-377.5116,-30.250755,-18.462605,71.85353,-108.622055,140.32494,114.4,314.42857142857144,20605,0.16368982394536336,0.025362935,0.976504,0.0061696605,-5.3665855e-05,0.6026404,0,0.03325449,0.9286913
10,-194.84042,129.665,-397.88956,-45.648758,-98.61318,153.84105,-406.42798,145.03401,118.0,229.45454545454547,23129,0.1856045087178548,0.031164292,0.8625243,0.0052300356,-1.5147194e-05,0.6106772,0,0.029583493,0.69979095
11,-188.29129,147.95827,-409.1983,-10.449448,-24.202513,101.22359,-269.31036,199.40384,129.8,176.15384615384616,25419,0.20503647327423097,0.019084891,0.89758056,0.005269463,-3.2934822e-05,0.81995815,0,0.024672862,0.7622422
12,-66.63263,164.64124,-205.73894,251.89828,86.088135,127.54366,-55.40403,293.29523,159.8,259.44444444444446,27754,0.22575351397196453,0.0060558985,0.80618995,0.0056282007,-1.4515321e-05,0.6346176,0,0.02954202,0.9463503
13,-39.37986,50.41833,-115.24336,7.5658646,37.11519,176.60135,-289.35107,303.5944,144.8,184.8181818181818,29787,0.24216988881429036,0.014155585,0.81903845,0.0058245882,3.3649812e-05,0.88516015,0,0.021781532,0.81607795
14,-140.06784,131.0776,-315.9403,66.80475,20.026608,85.25844,-82.98068,305.9203,107.0,135.0,31812,0.25411763191223147,-0.02605769,0.9689438,0.007545918,2.7966029e-05,0.79074115,0,0.027029376,0.72098136
15,-107.42444,96.02543,-233.22224,-0.031204224,48.30537,99.93266,-17.666306,307.51978,111.8,130.0,33892,0.26814818382263184,0.030504664,0.7933517,0.0058716475,9.5413096e-05,0.61410236,0,0.03146439,0.53352636
16,-67.717995,55.44238,-175.15352,-22.675941,34.00892,100.8519,-48.426037,293.1806,93.6,126.5625,35917,0.27935949961344403,-0.07253527,0.8146824,0.005597837,5.815283e-05,0.5724482,0,0.035403155,0.5532563
17,-74.44277,46.473015,-114.95324,13.992573,10.515524,23.148926,-22.618393,65.8642,110.8,112.72222222222223,37946,0.2897151271502177,0.045360547,0.93127316,0.006076353,-3.456866e-05,0.6938781,0,0.027612286,0.330954
18,-71.84269,14.659703,-88.00543,-46.34653,46.157326,100.72313,-26.866814,278.2119,104.2,158.07692307692307,40001,0.3016482353210449,-0.04800042,0.7548783,0.0047307415,-4.9624655e-06,0.7617447,0,0.023089495,0.5763976
19,-44.78883,41.98574,-116.6611,4.0796986,178.42058,84.17999,26.059422,281.21057,312.6,535.4,42678,0.3333750605583191,0.038302235,0.8109428,0.007495831,1.2223378e-05,0.7221301,0,0.028863134,0.9324704
20,21.97276,133.7366,-107.79207,274.8022,128.62355,150.15024,-42.16784,305.49762,169.6,352.1666666666667,44791,0.3542159914970398,-0.046105485,0.7004762,0.008512252,-3.5792655e-05,0.8531681,0,0.028621893,0.96554273
21,13.774017,17.267467,-3.8781815,42.483612,43.28632,101.043106,-42.12335,264.42493,113.8,379.3333333333333,47067,0.3750776211420695,-0.05559263,0.90105665,0.0067531,3.713447e-05,0.56923,0,0.03575037,0.75648487
22,118.57057,114.16244,10.354345,258.62152,260.1635,6.447849,254.03769,270.84726,245.8,635.25,49608,0.4009015123049418,-0.0075312243,0.595109,0.006922258,5.345053e-05,0.5041399,0,0.08337311,0.88980526
23,23.01438,15.090393,5.4136353,49.468224,237.28845,83.88131,50.00328,282.21265,167.6,333.5,51609,0.42144775390625,0.0038340497,0.6449299,0.0072892583,1.2683136e-05,1.0536778,0,0.020394748,0.8002704
24,93.78235,107.46312,-3.9934254,279.40887,105.1625,187.96306,-204.32367,284.48822,396.0,344.0,53673,0.4562376976013184,0.095030285,0.759644,0.0073953364,5.2602907e-05,0.37732676,0,0.05053175,0.70145017
25,-25.936493,48.577114,-119.26219,21.228628,282.90884,6.8287673,277.25146,295.66605,134.8,326.0,55955,0.47191242774327596,-0.03158921,0.656765,0.00542853,-4.669948e-06,1.3019706,0,0.015425835,0.9773947
26,19.049845,138.9481,-70.61401,293.3122,246.85716,108.45248,-17.793552,305.9397,176.6,327.57142857142856,58248,0.49007510344187416,-0.08263762,0.6588373,0.0063569043,-1.0617346e-06,0.7823308,0,0.022304289,0.8507733
27,36.94403,128.44826,-54.175423,290.61703,206.04665,109.47872,39.331306,293.943,180.0,232.33333333333334,60339,0.5066614468892415,-0.024858011,0.6120925,0.00715129,6.9558024e-05,0.559314,0,0.035300024,1.0074356
28,-28.479553,65.01979,-104.0234,63.633415,205.59877,110.22339,47.81707,292.85962,150.6,248.55555555555554,62576,0.5221404830614725,0.057783045,0.566926,0.006739349,5.648055e-05,0.6587721,0,0.026161741,0.9573741
29,7.949919,99.67737,-99.21221,196.33829,219.231,96.7694,51.819332,294.05994,216.6,265.625,64701,0.5410222053527832,0.021917576,0.6668971,0.0062207393,-1.0057228e-05,1.191593,0,0.016294304,0.9730856
30,-45.985634,47.490456,-131.87158,0.30025864,223.62256,92.14935,43.644295,294.1287,210.0,261.25,66791,0.5593940337498983,-0.007852518,0.6965349,0.0069050393,-8.9805445e-07,0.7331624,0,0.027411453,0.96290904
31,-107.0647,69.228386,-204.61678,-15.686882,135.61049,120.496605,6.7928085,296.0921,217.8,205.6,68847,0.5782169818878173,-0.05373577,0.6648152,0.005122234,-3.2734155e-05,1.0424259,0,0.019419387,0.9035345
32,-80.64348,192.45403,-196.92299,302.88538,124.46782,100.09051,51.374344,298.85458,170.4,199.36363636363637,71040,0.5951750953992208,-0.11118992,0.74831814,0.0053557474,-3.9179413e-05,0.51679945,0,0.03539987,0.86893415
33,-56.589325,69.105225,-135.58534,58.738457,126.422,111.32338,30.269075,299.00195,280.0,209.0,73130,0.6179221034049988,-0.042747047,0.79120815,0.005133221,1.6003882e-05,1.1393231,0,0.016978476,0.8420201
34,11.735593,142.58723,-107.484406,207.26137,175.82043,123.214516,-6.47258,304.33466,252.2,267.0,75533,0.6434828082720438,0.008022365,0.5637275,0.004984891,-5.38356e-06,0.28126517,0,0.042568836,0.94298446
35,-72.72005,29.2463,-115.33628,-45.98247,149.75931,139.94098,-4.968155,296.90753,232.8,284.375,77808,0.6655156493186951,0.027440177,0.7724217,0.007823759,-1.6978733e-05,0.77185184,0,0.023660999,0.7197533
36,36.347347,141.76596,-82.41664,311.82996,171.56241,107.890495,12.90686,300.63226,263.2,534.5,79946,0.6962201913197835,-0.030421853,0.6760913,0.0055849617,-7.891638e-06,0.35081837,0,0.10703102,0.8133328
37,72.445885,141.6135,-56.311127,289.62027,281.1773,8.190741,269.76343,294.0604,352.8,354.5,82073,0.7303037881851197,0.08660905,0.67396843,0.005829955,2.5218804e-05,1.3901993,0,0.013723418,0.8332785
38,42.692757,120.16532,-93.98698,219.49146,193.25343,115.95007,61.58033,302.06723,816.2,240.0,84233,0.8176448305447896,-0.04511351,0.58743346,0.0048172334,-5.4953813e-05,1.2750473,0,0.012657907,0.8344975
39,25.341007,62.262215,-42.00661,130.73355,-25.094635,15.220421,-40.315056,-9.874214,377.6,1000.0,86233,0.8700424710909526,-0.047733292,0.92176586,0.0073732743,1.6848793e-05,0.868989,0,0.023177095,0.4794409
40,23.696314,126.66623,-56.156216,275.8663,-20.265366,7.2317657,-27.497131,-13.0336,401.6,1000.0,88233,0.9250867525736491,-0.028213613,0.9672966,0.00648954,7.914301e-05,0.8604556,0,0.024096966,0.22825782
41,-36.43731,39.12599,-71.52979,32.95609,-24.155483,11.912128,-36.06761,-12.243355,684.8,1000.0,90233,1.0229242205619813,0.03261321,0.91674817,0.0062295287,-8.836688e-05,0.75637853,0,0.060426302,0.15742636
42,-40.371567,23.843214,-76.3078,-9.081528,-32.488777,16.665344,-49.15412,-15.823433,841.6,1000.0,92233,1.1215785106023153,-0.025674863,0.9991093,0.006801253,8.121142e-06,0.7684613,0,0.02617372,0.23349594
43,51.53371,110.03466,-45.886734,243.9945,-18.72651,3.7548141,-22.481323,-14.971695,750.0,1000.0,94233,1.2114825328191121,-0.1331179,1.0730305,0.0070888284,2.6309843e-05,0.71582735,0,0.029187307,0.16348788
44,-23.859182,127.388535,-206.31674,188.9527,-10.02243,8.623795,-18.646225,-1.3986359,436.4,1000.0,96233,1.2739006797472636,-0.070875265,0.9703886,0.0055130445,-2.3548473e-05,0.8780018,0,0.021168545,0.19199073
45,52.549633,134.66464,-89.68895,215.83662,71.817535,118.43051,-14.930992,239.26717,249.2,833.0,98732,1.3107046087582905,0.011120814,0.9386813,0.0067812353,-4.4685083e-05,1.0720632,0,0.01865571,0.35334048
46,142.79074,146.87567,-101.76279,269.82758,-13.977955,2.9789772,-16.956932,-10.998978,332.0,1000.0,100732,1.3536245981852213,-0.038303416,1.0024648,0.007067995,6.438934e-05,0.75442576,0,0.023971066,0.20751283
47,46.485954,145.47081,-85.75474,233.05148,164.0743,131.05443,5.3857117,281.03516,197.6,310.7142857142857,102907,1.3735229651133218,-0.039079715,0.7456728,0.0049083293,4.0047216e-05,0.43486884,0,0.029908422,0.88979137
48,140.85918,135.50789,-45.57152,262.8025,192.9222,118.88541,23.098335,287.3042,386.8,348.6666666666667,104999,1.4093015472094217,-0.078067385,0.7750045,0.0066750287,2.1942276e-05,1.0350635,0,0.01953049,0.8146147
49,52.405163,117.409836,-64.81667,255.74002,125.27001,114.26244,39.06521,288.73383,338.2,345.8333333333333,107074,1.4489598751068116,-0.010949445,0.7386511,0.005867716,2.9399778e-05,1.2117013,0,0.016985148,0.5736442
50,27.338924,127.00213,-60.80447,279.52405,203.77141,106.7417,37.56423,290.57947,194.2,308.2857142857143,109232,1.4685944437980651,0.07522784,0.79366314,0.0061596865,4.495512e-05,1.0801697,0,0.018951163,0.82631665
51,45.752136,126.49735,-40.566734,294.32666,279.0014,35.541817,192.14328,296.29242,193.6,314.0,111430,1.4910753965377808,-0.047120884,0.6019834,0.007727783,2.3109624e-06,0.7392781,0,0.024160184,0.8992122
52,26.84013,134.72433,-56.69684,295.46295,209.13486,101.12869,50.802773,293.50696,165.0,402.8,113444,1.5140817443529764,-0.028501954,0.72087413,0.0064744363,1.9879877e-05,0.997699,0,0.017984767,0.6365769
53,16.654257,124.605865,-51.15963,265.79636,224.89435,99.52268,47.803627,296.58386,174.0,378.0,115712,1.5392677426338195,-0.042573597,0.65980995,0.0046433797,6.056953e-05,0.49498978,0,0.026306797,0.59041244
54,259.33466,16.146286,246.12398,282.75397,290.2425,9.133536,276.46252,301.53015,300.0,269.5,117868,1.5636217157046,-0.010821609,0.69222,0.0069452366,-2.2417419e-06,0.7757627,0,0.024108885,0.82111585
55,142.07489,121.45611,-28.89267,258.8468,281.32993,21.135288,236.2026,299.60318,236.6,302.57142857142856,119986,1.5863330721855164,-0.010410475,0.71484435,0.0073003373,7.310006e-06,0.72224045,0,0.022643404,0.88923997
56,174.70328,114.867775,-47.300144,264.15308,274.3172,15.325788,242.81651,297.0421,352.2,318.14285714285717,122213,1.621850856145223,-0.05507226,0.7098027,0.006039564,8.18814e-06,0.8520175,0,0.027587477,0.77258575
57,197.30702,148.75626,-98.23494,289.9883,284.4127,7.81995,270.61786,293.07654,306.0,291.7142857142857,124255,1.6465503931045533,0.024792708,0.67647606,0.007973928,1.3711511e-05,1.3489001,0,0.014451062,0.59255636
58,60.907204,133.93344,-58.421005,262.00308,160.35805,141.51988,-29.735413,301.03622,247.4,373.8333333333333,126498,1.6765624403953552,0.09627281,0.6461932,0.008529775,-1.1961494e-05,0.6099108,0,0.033939153,0.7599766
59,40.176353,79.211266,-28.43982,186.2363,288.33426,6.753129,273.35883,296.12408,565.0,287.125,128795,1.725689454873403,0.008234522,0.6662784,0.0052825813,3.3075572e-05,0.50989455,0,0.035349894,0.72063446
60,59.340614,137.64029,-82.32056,249.64505,287.87427,10.673237,263.85312,297.79117,273.4,274.375,130990,1.7488050580024719,-0.021132473,0.7179631,0.0073494194,3.883282e-05,0.6537603,0,0.03160545,0.619283
61,-3.5094802,109.60677,-82.57897,213.8206,280.87152,9.253699,262.28967,293.92294,190.4,276.625,133203,1.7648203730583192,0.038257208,0.70073956,0.0071599972,-3.6630831e-06,0.6322989,0,0.03575388,0.61283135
62,1.7263191,126.028206,-92.40024,250.8873,289.88812,9.110338,276.90463,302.1466,201.2,249.55555555555554,135449,1.7817379275957743,-0.010711357,0.57275003,0.005743905,2.8030587e-05,0.8933355,0,0.022099894,0.67328566
63,63.495594,152.43614,-64.37898,296.026,290.11258,5.297869,281.6164,296.76614,230.0,265.5,137573,1.8009444713592528,0.026971418,0.6164596,0.008685178,-5.361883e-06,0.82025635,0,0.02474195,0.5332633
64,171.27246,86.40563,52.76277,282.96924,295.6793,2.7175944,290.66537,298.94186,356.6,268.375,139720,1.829070520401001,-0.0027667235,0.6666944,0.0050529004,1.4728807e-05,0.8270583,0,0.02297758,0.51030135
65,53.11917,140.8204,-81.26258,231.74117,286.34186,4.48467,278.32977,291.86957,252.6,259.0,141792,1.8503414710362753,-0.044052448,0.6197845,0.0067123314,-1.0086657e-05,1.2172059,0,0.014633387,0.43642017
66,61.546886,155.66966,-114.43704,252.60312,276.24625,35.31042,192.66016,298.65625,325.4,291.57142857142856,143833,1.8772754033406576,-0.0788651,0.5636778,0.008295957,1.6660855e-05,0.8699095,0,0.02427812,0.75722945
67,23.500217,116.25661,-43.07162,254.97855,282.19562,10.17069,261.05322,295.47742,191.2,291.2857142857143,145872,1.8944874048233031,-0.028283043,0.66983736,0.007274854,-7.5368376e-07,0.7584347,0,0.036723636,0.47815818
68,11.981707,91.63756,-69.696594,187.44608,287.4899,10.764026,265.16254,296.75305,279.0,266.125,148001,1.9163500467936199,-0.03318373,0.6163983,0.00582348,4.6719492e-06,1.0969994,0,0.01827982,0.5799059
69,119.65309,138.78287,-54.734657,258.92038,291.7703,2.8279903,288.07224,295.82523,255.0,281.625,150254,1.936746641000112,0.009260007,0.62000364,0.0070656487,1.944943e-05,0.8633113,0,0.02351062,0.4028814
70,161.79794,143.46495,-123.89454,253.12778,288.2741,6.029947,274.79114,295.453,348.6,270.0,152414,1.9639650106430053,-0.017144674,0.59482265,0.006526465,-2.7131164e-05,0.9190252,0,0.023825144,0.47918186
71,148.13586,86.35428,-11.337875,226.13763,276.33344,5.024824,266.55237,282.537,380.2,269.0,154566,1.9946080168088278,-0.02377218,0.5953806,0.006738854,2.20963e-05,0.7877152,0,0.021274023,0.3786168
72,84.53169,118.69425,-59.485466,234.31775,239.99893,75.69625,40.689796,279.09055,273.4,263.5,156674,2.018232595920563,0.006739802,0.57422346,0.008463125,8.651747e-05,0.46531534,0,0.037329707,1.0435294
73,54.72535,98.022835,-19.317505,248.35745,254.98521,7.60914,248.13162,268.30127,214.8,329.2857142857143,158979,2.038831309477488,0.043872137,0.60100704,0.009144915,1.715339e-05,0.6949476,0,0.030207638,0.80991715
74,67.94753,101.89069,8.627796,270.8537,262.08807,7.6727753,254.19371,275.26614,224.2,287.7142857142857,160993,2.0575684905052185,0.01741356,0.6111322,0.006430117,2.2967475e-05,0.94614625,0,0.020677611,0.57048863
75,106.338646,111.873375,-19.173424,271.7397,257.12265,5.991643,248.4072,266.62476,339.4,349.6666666666667,163091,2.096333944797516,0.07802839,0.44563505,0.0071441983,-1.37284205e-05,0.6598422,1,0.024356086,0.750993
76,105.084496,98.39052,10.367676,247.49431,263.29602,5.0665307,258.0052,273.1012,371.6,288.7142857142857,165112,2.1272521217664084,-0.02997046,0.5451355,0.008888819,-3.3080683e-05,0.6183865,0,0.033102408,0.6811793
77,150.3469,95.61296,32.018257,262.32016,235.495,46.233177,132.40318,258.54926,279.6,495.0,168082,2.161894512176514,0.003999266,0.5909801,0.006055305,-1.0073062e-06,1.2228386,0,0.014808654,0.56709576
78,138.9269,100.4861,24.286533,262.28107,256.88483,8.442074,245.26038,269.59924,387.2,308.14285714285717,170239,2.196940533320109,-0.0074529755,0.5873612,0.0066979527,6.1326464e-06,0.7490812,0,0.024388377,0.82434994
79,80.92477,127.36885,-31.074926,248.1234,258.9526,7.8280344,245.75461,270.097,223.2,305.85714285714283,172380,2.2178539832433066,-0.03008708,0.61503625,0.00727731,1.62795e-05,0.7947067,0,0.024389233,0.64558
80,-9.924128,20.520838,-44.448944,17.496136,269.05228,7.2363033,253.27762,278.17395,227.4,261.25,174470,2.2361551483472186,0.0025178336,0.5999978,0.0077749346,2.700215e-05,0.4355181,0,0.045744937,0.40267852
81,124.297874,95.1816,12.33371,253.61343,259.65475,8.923327,246.68344,271.58478,315.6,291.7142857142857,176512,2.2640071590741475,0.018724825,0.57489777,0.007874455,-6.7714786e-06,1.099577,0,0.017988378,0.6510956
82,92.32506,100.53722,-3.5206165,243.65477,271.64343,4.042927,266.05878,277.35577,415.0,261.0,178600,2.306210255622864,0.002890888,0.59237707,0.007995386,1.946637e-05,0.82878786,0,0.021661066,0.32502738
83,155.95102,102.81251,28.888138,246.70985,266.56735,7.730368,251.03845,276.42148,227.0,272.375,180779,2.3255046327908833,-0.0015029275,0.547915,0.00834248,1.6507585e-06,0.6293518,0,0.031509686,0.5424396
84,88.526306,113.3831,-21.238186,252.40811,273.6582,4.1216154,266.75543,279.41934,258.2,259.625,182856,2.3461717049280804,-0.122801386,0.57668954,0.008529916,1.7520258e-06,0.49656767,0,0.045732044,0.3681824
85,148.7986,129.62589,-14.646961,285.134,276.78424,6.3117003,266.75568,286.29428,303.4,270.375,185019,2.372176432609558,0.053309448,0.6561857,0.006162467,-6.9023156e-07,0.8084379,0,0.025623849,0.3675695
86,95.82534,129.94652,-15.050484,275.6818,250.02719,71.38793,61.497604,282.1534,237.2,263.625,187128,2.391515119870504,-0.059760455,0.67334145,0.008656123,-1.8770601e-06,1.0624514,0,0.019079287,0.8227551
87,70.51375,150.21906,-58.750576,264.5425,287.99542,2.762526,283.50494,291.68814,246.0,258.75,189198,2.4114930272102355,0.073508985,0.6254692,0.0076527903,-4.800477e-06,0.887884,0,0.023721788,0.40480217
88,163.79796,101.54418,28.77678,263.61658,293.40695,3.6257098,286.57635,300.49576,272.0,263.25,191304,2.43288449048996,-0.06520237,0.6131716,0.0073468434,-3.6149527e-06,1.5179809,0,0.012247004,0.40917784
89,81.1061,106.10967,-57.758743,247.09576,287.09543,5.4326215,278.90894,298.7479,390.6,262.875,193407,2.470890955130259,-0.019686222,0.588585,0.0065464387,1.22162255e-05,1.007833,0,0.019551396,0.31317672
90,16.477686,110.620705,-66.25935,235.5889,283.6672,4.844414,277.06042,292.0227,208.8,278.125,195632,2.490246657530467,-0.010196039,0.55458635,0.0061753104,3.196553e-05,0.27985364,0,0.046242125,0.4354404
91,-49.8403,34.806797,-105.52954,-9.471947,285.51312,6.638504,276.26065,298.91208,186.4,276.25,197842,2.5059588670730593,-0.051528547,0.5827717,0.006487696,-3.563476e-05,0.667913,0,0.025747996,0.28278372
92,-2.291217,93.855316,-81.27658,180.219,289.7301,5.519553,282.48383,296.95007,233.0,273.375,200029,2.5248551885286967,0.020033073,0.562822,0.0069737267,1.1176729e-05,1.2667793,0,0.013900463,0.2862376
93,126.17505,140.14975,-87.23598,266.6303,288.5018,7.5877633,275.4694,297.3412,264.4,286.2857142857143,202033,2.546619729200999,-0.05190145,0.5513882,0.007775788,1.809327e-05,0.49889016,0,0.041328665,0.27957562
94,-32.471443,20.204632,-56.048355,4.1353836,285.59396,3.961003,280.317,291.27338,195.0,270.125,204194,2.5629544417063395,0.040161006,0.57983655,0.008177657,-1.3714822e-05,1.2881415,0,0.01631662,0.26938295
95,-31.215672,34.65097,-63.735737,32.813667,285.44604,6.036326,272.81555,292.5169,343.4,261.625,206287,2.591194705168406,0.0019384753,0.60894036,0.006714629,2.4972795e-05,0.4568904,1,0.022931283,0.21577583
96,-67.18061,30.967665,-106.36712,-21.52509,280.32404,13.239569,247.04059,291.84573,186.4,259.0,208359,2.6068441033363343,0.029670728,0.5593749,0.0064309584,1.4866223e-05,0.77752775,0,0.022048656,0.32006732
97,47.75035,162.56071,-93.4893,278.79428,279.70062,8.65915,265.0567,293.26797,234.6,256.75,210413,2.6256029764811197,0.029015487,0.56345487,0.0072253356,3.59249e-05,0.77564377,0,0.02438427,0.26618746
98,-38.987465,116.24794,-122.921265,189.66693,276.79962,5.869988,268.56104,287.16284,219.2,250.625,212418,2.643224755922953,0.021864248,0.54612976,0.0074720266,5.717563e-06,0.87885684,0,0.021691503,0.17774238
99,-97.087364,7.2035565,-108.18519,-89.61383,272.7486,8.346768,256.97543,287.26114,216.4,248.0,214650,2.6595296899477643,0.059995756,0.5256169,0.0077640866,-3.2735763e-05,1.0055702,0,0.025535673,0.2688783
100,86.74791,154.97957,-107.33165,233.90932,271.06747,15.337212,241.06747,290.00708,258.8,268.0,216794,2.682671642303467,-0.10666497,0.5051538,0.007913892,-4.9987935e-05,0.8286164,0,0.028182074,0.4680704
101,-55.143196,65.35515,-127.17473,54.113144,287.15955,8.623823,274.66754,301.05203,218.2,246.33333333333334,219011,2.7000057776769,-0.16735199,0.5226271,0.0070865033,-2.2365934e-05,0.84643483,0,0.023329288,0.40408006
102,87.85874,144.35266,-58.69532,266.11862,284.89563,7.133821,268.91852,294.7451,209.2,245.44444444444446,221220,2.716855482260386,0.025011977,0.54044026,0.008613456,2.5108331e-05,0.8408676,0,0.027262747,0.24320106
103,68.77061,141.57205,-72.25772,265.79205,284.00775,7.01426,269.8662,291.83276,226.4,246.88888888888889,223442,2.7351518710454306,0.055936806,0.5236542,0.0074240267,3.750439e-05,0.7341382,0,0.02683481,0.23085025
104,105.170166,136.07368,-64.57907,264.71997,279.64914,2.6833751,275.05167,283.84055,291.2,231.22222222222223,225523,2.7579037110010782,-0.019491116,0.5165677,0.0068229563,-1.1079904e-05,1.2651876,0,0.014571654,0.15552424
105,126.40871,130.6866,-48.38124,262.43304,283.98654,5.49088,275.50824,292.20294,260.4,237.44444444444446,227660,2.778641132513682,0.016159682,0.51863563,0.009213867,1.7970531e-05,1.0297147,0,0.021985559,0.1968921
106,103.79329,103.26646,-54.99968,211.22388,283.49997,5.733123,274.15234,294.31476,284.4,235.0,229775,2.8004108627637225,-0.024910526,0.48635995,0.0074260663,-3.631238e-05,0.7099512,0,0.02728291,0.22940153
107,56.44566,111.44849,-45.39411,262.501,291.09943,4.004912,284.13345,295.86,384.6,234.44444444444446,231885,2.8288525025049847,-0.053377055,0.47035775,0.00575549,-1.6149614e-05,1.9250687,0,0.01034417,0.13573478
108,129.68137,123.74655,-52.59745,250.38217,291.74496,5.8203855,284.53473,303.76593,285.8,237.0,234018,2.8510851740837095,-0.016541608,0.3799057,0.006971781,0.00011435911,0.25102463,0,0.036219254,0.21071202
109,33.922142,118.41933,-84.58631,261.77383,291.68918,3.8133838,284.38855,296.26672,209.4,241.44444444444446,236191,2.8681772470474245,0.007723379,0.40296635,0.0063910047,-1.4922569e-05,0.8145599,0,0.023395598,0.30517378
110,37.75354,117.63701,-64.71432,268.37396,267.6921,68.9684,73.06566,300.80377,205.8,232.11111111111111,238280,2.8846943577130637,-0.08327512,0.39950415,0.0068630264,-2.9260202e-05,1.0546572,0,0.018788345,0.60729164
111,15.17058,102.513115,-69.7848,211.50897,294.86453,4.595916,286.962,302.6267,222.2,232.33333333333334,240371,2.902063540617625,-0.11220899,0.4549188,0.007847987,-1.5459525e-05,0.80681777,0,0.024329886,0.14981222
112,135.91998,151.49324,-65.90465,269.84302,289.45404,6.5120707,277.39496,299.17978,228.8,240.11111111111111,242532,2.919486141204834,0.015497208,0.3967468,0.0080299,5.862732e-06,1.0354761,0,0.019354276,0.23211281
113,15.159487,43.781868,-29.728317,94.750275,294.76544,5.394869,285.9124,301.97745,338.0,221.2,244744,2.946653187274933,-0.005001974,0.37745425,0.00793847,-2.7807298e-05,0.6457589,0,0.033520672,0.18379109
114,12.2006855,92.52327,-54.832973,193.23137,295.25372,5.997757,285.94937,305.47952,219.6,214.8,246892,2.9631955067316693,-0.024003433,0.39071807,0.007419717,1.0741509e-05,1.0403872,0,0.017524363,0.28799555
115,-19.313526,24.189814,-44.186592,11.606709,296.41162,3.2581515,290.43164,301.95227,207.2,197.0,249059,2.9803849856058755,0.02703209,0.34763357,0.0059128776,4.2993535e-05,1.2062253,0,0.01482944,0.19412334
116,27.805395,95.64311,-34.52597,218.18063,289.79974,2.581306,286.27197,294.72006,249.4,201.0,251069,2.998838969071706,-0.07650055,0.33932197,0.0071679438,-7.338986e-05,0.472639,0,0.06275146,0.24168861
117,103.94163,134.57458,-23.076912,274.33142,266.0789,62.270176,80.00021,295.3833,215.2,212.9,253198,3.015592555205027,-0.020351065,0.35324934,0.007323757,-2.0420584e-06,1.2843851,0,0.0130280275,0.78749037
118,208.70052,116.52679,-23.113396,282.9354,276.5901,62.238163,80.07466,301.5272,237.8,186.8181818181818,255253,3.034673504034678,-0.034262575,0.3543689,0.007262959,9.792014e-06,0.54937756,0,0.032077827,0.671469
119,17.386545,115.96541,-63.304314,245.26009,294.69547,4.2143483,288.75287,299.93823,182.4,200.9,257262,3.0490100741386414,0.023087475,0.37200838,0.008040101,1.4627551e-05,1.0936593,0,0.01832747,0.18584682
120,86.03956,131.87251,-40.002144,259.13,296.78287,4.8321548,290.14706,307.71912,245.8,213.5,259397,3.0680219888687135,0.048137836,0.30359268,0.004774298,1.1181716e-05,1.3127275,0,0.0122099,0.19382676
121,65.66286,139.39133,-56.0132,250.43568,293.8634,3.272854,289.2965,298.90143,240.8,207.2,261469,3.085487651824951,-0.06845178,0.35373536,0.008559697,3.7101585e-05,0.9080511,0,0.023447007,0.15914892
122,77.582985,151.26416,-94.71839,279.80505,298.6831,4.8431773,291.44778,304.23334,242.0,193.63636363636363,263599,3.1044289588928224,0.021333108,0.31376755,0.0076227384,-5.198088e-06,1.1625978,0,0.020230854,0.14982513
123,85.07049,129.98323,-55.55424,295.93036,299.2041,4.0064516,294.18848,308.08563,223.4,211.5,265714,3.121760054429372,-0.003848896,0.33241346,0.0086213555,1.600293e-05,0.80640286,0,0.025633903,0.175191
124,124.98894,164.25293,-73.76161,297.94714,297.62976,4.8905363,291.41058,308.88016,226.2,214.1,267855,3.1387875278790793,0.069975905,0.28395388,0.00997493,-1.3895569e-05,0.5732743,0,0.03223752,0.1829781
125,163.02888,96.85382,-13.712795,258.27124,260.0637,86.32724,75.91694,307.51996,247.4,197.9090909090909,270032,3.1595237890879315,-0.09200508,0.32711792,0.007755085,-6.379934e-06,1.0517341,0,0.017840698,0.7108896
126,53.745872,149.12935,-97.484695,253.73495,248.2873,91.243935,54.85852,298.82977,224.8,195.8181818181818,272186,3.1775761961936952,0.10704389,0.32625252,0.0064235656,-6.9089006e-06,0.6548925,0,0.022393465,0.7445181
127,3.9106948,102.53991,-75.313896,203.12027,288.53903,4.71651,280.91034,294.8147,191.8,207.7,274263,3.192273712158203,-0.06278673,0.3232191,0.0070073674,-1.43179395e-05,0.80197805,0,0.026495486,0.2232477
128,69.46388,152.41644,-70.58882,262.12772,292.88107,1.3590672,291.02576,295.6861,218.8,204.0,276303,3.208945159117381,0.031667326,0.3499803,0.008248106,-8.9586165e-06,1.0128897,0,0.018104848,0.15639946
129,163.6172,93.83662,-11.791712,256.87015,294.69028,3.601042,288.79883,299.6973,270.4,201.6,278319,3.2285667697588605,-0.04177196,0.32435873,0.007631502,-4.716852e-06,0.8497955,0,0.020925868,0.20252511
130,150.74956,131.7273,-16.35627,292.71365,289.88605,2.9534643,284.99524,295.15305,207.6,213.0,280449,3.244855761528015,0.030084604,0.30238152,0.008280243,-5.867753e-06,1.0429434,0,0.019098546,0.19170879
131,54.937267,113.96759,-43.514397,225.10304,287.60638,5.987644,275.0118,296.2881,237.0,204.7,282496,3.261986529827118,0.006268911,0.34341118,0.009107982,2.3172945e-05,0.75622666,0,0.029419221,0.23153408
132,96.582504,162.4418,-126.3582,258.5189,291.15375,5.150456,284.6931,302.5871,239.4,208.7,284583,3.2792877753575644,-0.10069969,0.3780705,0.007417504,5.6267334e-05,0.7084046,0,0.033875033,0.18491054
133,140.24991,128.59607,-13.978909,280.14563,291.2793,3.468578,286.6991,295.99762,221.8,203.3,286616,3.296059584617615,0.030759573,0.3679221,0.007082905,-4.37403e-05,0.8000343,0,0.029875698,0.14415383
134,68.56568,149.1377,-72.612625,264.51843,295.36255,5.4216785,285.66693,302.87823,196.2,194.9090909090909,288760,3.3119306047757466,-0.10038151,0.3530584,0.009516047,-2.8971806e-05,0.8232694,0,0.024536155,0.19647834
135,15.646512,36.852844,-37.13698,70.10362,293.56717,4.4314947,285.86984,303.656,143.4,186.9090909090909,290816,3.3261156638463336,0.08716643,0.27155814,0.0077533126,-1.252748e-05,1.2302359,0,0.018566512,0.13188122
136,31.792103,128.08762,-90.374405,277.0631,299.87344,3.528959,293.87903,305.37048,187.6,184.63636363636363,292847,3.3415472745895385,-0.057133667,0.23001033,0.0077977777,1.1935975e-05,1.0255885,0,0.016999178,0.120586
137,42.9543,116.03701,-39.800014,272.75644,244.20673,103.25248,58.703857,308.6928,177.0,166.83333333333334,294849,3.355906534194946,-0.08128152,0.2561959,0.008879169,8.006775e-06,0.85147744,0,0.0341468,0.81682736
138,89.10362,145.54836,-73.72148,270.12103,292.58176,3.9197943,287.4167,298.73016,186.6,193.1818181818182,296974,3.3714516003926596,0.042512644,0.27653995,0.0077766203,1.8955961e-05,1.0424958,0,0.020979801,0.17317097
139,32.718037,126.59307,-75.16361,278.20032,293.60757,5.3723803,284.7094,301.9015,170.4,179.75,299131,3.385810303688049,-0.050418034,0.23683518,0.0043957415,-7.277932e-05,0.21870086,0,0.038369976,0.14551382
140,70.87372,154.66087,-70.6933,298.86893,290.2636,5.139383,282.33887,296.88858,184.0,180.25,301294,3.4009926040967304,-0.05276524,0.22998737,0.0053672623,-3.91627e-06,1.4746201,0,0.012463193,0.15529929
141,90.83716,136.97147,-52.795685,257.29388,289.83618,6.753437,282.5796,304.49915,160.2,179.66666666666666,303450,3.414866733551025,0.010002167,0.30781275,0.0069500706,2.2437458e-05,0.774855,0,0.023242977,0.17821266
142,214.27095,23.659925,170.04271,237.93243,291.26675,6.804772,279.57953,299.94656,234.6,169.08333333333334,305479,3.43265829483668,0.031363547,0.24340813,0.006500112,3.105013e-05,0.9239417,0,0.019318033,0.12645096
143,4.3085327,147.15077,-122.7617,290.8246,295.90158,3.8560762,288.58667,301.8253,235.0,167.08333333333334,307484,3.4507740338643393,-0.0119621325,0.29342595,0.007879052,-1.6084522e-06,1.0739008,0,0.019632952,0.09024829
144,143.6055,129.40802,-20.191582,264.30075,293.4917,4.5651813,287.8972,303.52475,179.2,175.5,309590,3.4655044515927633,-0.03383567,0.28180543,0.0082052685,-4.4424464e-06,1.0014663,0,0.016723864,0.13948707
145,74.47716,109.65602,-28.856033,239.63814,285.23715,4.815893,278.3503,297.17822,243.8,178.41666666666666,311731,3.483543554941813,0.06435119,0.2776415,0.0076940022,1.3983292e-05,1.4674196,0,0.013097923,0.17620818
146,177.2211,101.60094,-15.50956,260.16373,285.22464,5.2988896,271.92053,294.74622,245.0,167.91666666666666,313746,3.5015012701352437,-0.034762267,0.23760231,0.006244554,-6.822255e-06,1.3762213,0,0.014897045,0.17466377
147,99.373146,129.10765,-22.894703,265.8882,285.03366,5.5267076,270.27518,291.19547,178.4,166.91666666666666,315749,3.5158684849739075,0.09656702,0.24704143,0.005380776,-2.2164024e-05,1.4846712,0,0.013228074,0.16957925
148,108.60355,122.02441,-40.808903,265.34445,293.54706,6.592301,280.43875,305.9593,188.4,164.30769230769232,317885,3.530588960647583,-0.026968172,0.22727473,0.009428299,-3.5310495e-05,0.5570746,0,0.038269028,0.113242455
149,100.10943,95.172134,2.8121338,226.15068,283.89084,9.540288,267.75192,302.79523,354.6,168.33333333333334,319905,3.5596146901448567,0.020850386,0.21787494,0.0085868295,-1.0967648e-05,0.6288679,0,0.025866818,0.20067249
150,100.54318,150.1285,-65.35341,281.46948,270.81442,62.20121,57.702427,303.37463,168.0,164.23076923076923,322040,3.5736250122388205,-0.08373766,0.22496994,0.006461914,-4.8403825e-05,0.44269386,0,0.0317327,0.7298729
